particulas/s,N,opt,compiler,runs,GFLOPS,time,l1 misses,dtlb misses
405.197,4,-O1 -ffast-math -ftree-vectorize -funroll-loops,icc,30,7934631,0.012,139379,842
405.322,4,-O1 -ffast-math -ftree-vectorize -funroll-loops,icc,30,8491981,0.011,90068,652
401.074,4,-O1 -ffast-math -ftree-vectorize -funroll-loops,icc,30,1283968,0.011,87518,661
404.778,4,-O1 -ffast-math -ftree-vectorize -funroll-loops,icc,30,5553151,0.011,89310,731
400.375,4,-O1 -ffast-math -ftree-vectorize -funroll-loops,icc,30,5142478,0.011,117098,539
401.917,4,-O1 -ffast-math -ftree-vectorize -funroll-loops,icc,30,5506732,0.012,86959,694
397.513,4,-O1 -ffast-math -ftree-vectorize -funroll-loops,icc,30,8834857,0.011,88208,560
407.189,4,-O1 -ffast-math -ftree-vectorize -funroll-loops,icc,30,7844032,0.011,87783,909
404.926,4,-O1 -ffast-math -ftree-vectorize -funroll-loops,icc,30,4038408,0.011,88403,527
406.807,4,-O1 -ffast-math -ftree-vectorize -funroll-loops,icc,30,8305081,0.011,87756,406
399.385,4,-O1 -ffast-math -ftree-vectorize -funroll-loops,icc,30,0,0.012,96418,616
407.332,4,-O1 -ffast-math -ftree-vectorize -funroll-loops,icc,30,8295752,0.011,86246,823
409.184,4,-O1 -ffast-math -ftree-vectorize -funroll-loops,icc,30,5601002,0.011,88206,604
405.390,4,-O1 -ffast-math -ftree-vectorize -funroll-loops,icc,30,8324659,0.011,87071,485
407.901,4,-O1 -ffast-math -ftree-vectorize -funroll-loops,icc,30,8868080,0.011,88906,524
403.067,4,-O1 -ffast-math -ftree-vectorize -funroll-loops,icc,30,0,0.011,87351,649
403.120,4,-O1 -ffast-math -ftree-vectorize -funroll-loops,icc,30,8694180,0.011,89602,518
411.633,4,-O1 -ffast-math -ftree-vectorize -funroll-loops,icc,30,8838225,0.011,91500,596
408.193,4,-O1 -ffast-math -ftree-vectorize -funroll-loops,icc,30,7589757,0.011,88735,695
409.007,4,-O1 -ffast-math -ftree-vectorize -funroll-loops,icc,30,8581348,0.011,90345,405
411.761,4,-O1 -ffast-math -ftree-vectorize -funroll-loops,icc,30,6893727,0.011,88671,667
395.406,4,-O1 -ffast-math -ftree-vectorize -funroll-loops,icc,30,5234064,0.012,89859,515
409.541,4,-O1 -ffast-math -ftree-vectorize -funroll-loops,icc,30,8804619,0.011,89869,524
225.210,4,-O1 -ffast-math -ftree-vectorize -funroll-loops,icc,30,9027837,0.019,89074,586
400.216,4,-O1 -ffast-math -ftree-vectorize -funroll-loops,icc,30,588909,0.011,87045,693
411.142,4,-O1 -ffast-math -ftree-vectorize -funroll-loops,icc,30,8605595,0.011,91051,396
410.785,4,-O1 -ffast-math -ftree-vectorize -funroll-loops,icc,30,6993820,0.011,88557,641
409.673,4,-O1 -ffast-math -ftree-vectorize -funroll-loops,icc,30,5013198,0.011,89789,696
400.771,4,-O1 -ffast-math -ftree-vectorize -funroll-loops,icc,30,8811644,0.011,86862,521
403.892,4,-O1 -ffast-math -ftree-vectorize -funroll-loops,icc,30,5281473,0.011,90220,661
102.154,32,-O1 -ffast-math -ftree-vectorize -funroll-loops,icc,25,655509897,0.315,598558,4633
102.215,32,-O1 -ffast-math -ftree-vectorize -funroll-loops,icc,25,655120661,0.314,499305,3886
98.797,32,-O1 -ffast-math -ftree-vectorize -funroll-loops,icc,25,656980695,0.325,503005,4142
99.979,32,-O1 -ffast-math -ftree-vectorize -funroll-loops,icc,25,655739197,0.321,488592,4771
102.140,32,-O1 -ffast-math -ftree-vectorize -funroll-loops,icc,25,654532415,0.315,498988,4151
99.428,32,-O1 -ffast-math -ftree-vectorize -funroll-loops,icc,25,654214593,0.323,500175,5046
99.907,32,-O1 -ffast-math -ftree-vectorize -funroll-loops,icc,25,653481973,0.322,505588,5998
102.274,32,-O1 -ffast-math -ftree-vectorize -funroll-loops,icc,25,654354925,0.314,498156,5565
99.060,32,-O1 -ffast-math -ftree-vectorize -funroll-loops,icc,25,654451342,0.325,491038,5570
101.915,32,-O1 -ffast-math -ftree-vectorize -funroll-loops,icc,25,652473480,0.315,512641,4603
102.509,32,-O1 -ffast-math -ftree-vectorize -funroll-loops,icc,25,654243985,0.314,521282,4168
101.473,32,-O1 -ffast-math -ftree-vectorize -funroll-loops,icc,25,653571708,0.317,522528,3819
102.282,32,-O1 -ffast-math -ftree-vectorize -funroll-loops,icc,25,653903356,0.314,653155,4379
102.347,32,-O1 -ffast-math -ftree-vectorize -funroll-loops,icc,25,654413507,0.314,619746,4565
98.969,32,-O1 -ffast-math -ftree-vectorize -funroll-loops,icc,25,656293107,0.325,544751,4530
102.196,32,-O1 -ffast-math -ftree-vectorize -funroll-loops,icc,25,656046045,0.315,540066,4125
100.406,32,-O1 -ffast-math -ftree-vectorize -funroll-loops,icc,25,654362482,0.320,526961,4249
101.560,32,-O1 -ffast-math -ftree-vectorize -funroll-loops,icc,25,654327934,0.317,526084,4177
99.613,32,-O1 -ffast-math -ftree-vectorize -funroll-loops,icc,25,657013182,0.323,522823,4279
99.479,32,-O1 -ffast-math -ftree-vectorize -funroll-loops,icc,25,655969584,0.323,515108,4395
102.277,32,-O1 -ffast-math -ftree-vectorize -funroll-loops,icc,25,654708956,0.314,518522,4077
102.082,32,-O1 -ffast-math -ftree-vectorize -funroll-loops,icc,25,654948178,0.315,524622,4127
99.139,32,-O1 -ffast-math -ftree-vectorize -funroll-loops,icc,25,656680150,0.324,511727,4034
98.638,32,-O1 -ffast-math -ftree-vectorize -funroll-loops,icc,25,654665957,0.326,522356,4345
100.097,32,-O1 -ffast-math -ftree-vectorize -funroll-loops,icc,25,660953001,0.321,550587,4616
56.284,108,-O1 -ffast-math -ftree-vectorize -funroll-loops,icc,20,4616539829,1.921,1849815,18159
50.322,108,-O1 -ffast-math -ftree-vectorize -funroll-loops,icc,20,4615311283,2.148,1851192,17482
56.381,108,-O1 -ffast-math -ftree-vectorize -funroll-loops,icc,20,4611773824,1.917,1884268,18651
56.015,108,-O1 -ffast-math -ftree-vectorize -funroll-loops,icc,20,4615388587,1.930,1866170,17931
50.301,108,-O1 -ffast-math -ftree-vectorize -funroll-loops,icc,20,4621355234,2.149,1940040,18151
50.618,108,-O1 -ffast-math -ftree-vectorize -funroll-loops,icc,20,4609237646,2.135,1871360,21415
50.403,108,-O1 -ffast-math -ftree-vectorize -funroll-loops,icc,20,4612544043,2.144,1918616,18587
50.615,108,-O1 -ffast-math -ftree-vectorize -funroll-loops,icc,20,4612187455,2.135,1936510,20665
50.504,108,-O1 -ffast-math -ftree-vectorize -funroll-loops,icc,20,4614145809,2.140,1951443,19732
50.454,108,-O1 -ffast-math -ftree-vectorize -funroll-loops,icc,20,4613881824,2.143,1900180,19185
56.048,108,-O1 -ffast-math -ftree-vectorize -funroll-loops,icc,20,4620918216,1.929,1914773,16943
37.321,108,-O1 -ffast-math -ftree-vectorize -funroll-loops,icc,20,4618390340,2.896,2039320,21960
50.380,108,-O1 -ffast-math -ftree-vectorize -funroll-loops,icc,20,4620779076,2.146,1971522,19060
50.399,108,-O1 -ffast-math -ftree-vectorize -funroll-loops,icc,20,4614842791,2.145,1942768,17740
56.328,108,-O1 -ffast-math -ftree-vectorize -funroll-loops,icc,20,4618642367,1.919,1943417,18061
56.382,108,-O1 -ffast-math -ftree-vectorize -funroll-loops,icc,20,4612210604,1.917,1924417,17857
50.453,108,-O1 -ffast-math -ftree-vectorize -funroll-loops,icc,20,4614646282,2.142,1889269,18693
56.105,108,-O1 -ffast-math -ftree-vectorize -funroll-loops,icc,20,4620468754,1.927,1912023,19526
50.367,108,-O1 -ffast-math -ftree-vectorize -funroll-loops,icc,20,4618971133,2.146,1968944,18304
50.616,108,-O1 -ffast-math -ftree-vectorize -funroll-loops,icc,20,4611233519,2.135,1934009,17391
44.242,256,-O1 -ffast-math -ftree-vectorize -funroll-loops,icc,15,16619285820,5.788,4832688,45478
41.860,256,-O1 -ffast-math -ftree-vectorize -funroll-loops,icc,15,16633878933,6.118,4876918,50664
44.289,256,-O1 -ffast-math -ftree-vectorize -funroll-loops,icc,15,16622742600,5.783,4786866,49886
41.838,256,-O1 -ffast-math -ftree-vectorize -funroll-loops,icc,15,16622663575,6.121,5072725,51082
41.903,256,-O1 -ffast-math -ftree-vectorize -funroll-loops,icc,15,16625888790,6.111,5096880,48840
44.319,256,-O1 -ffast-math -ftree-vectorize -funroll-loops,icc,15,16621947017,5.778,4824351,46002
44.080,256,-O1 -ffast-math -ftree-vectorize -funroll-loops,icc,15,16626427260,5.810,4890618,45875
41.894,256,-O1 -ffast-math -ftree-vectorize -funroll-loops,icc,15,16623518973,6.113,4883346,48508
41.918,256,-O1 -ffast-math -ftree-vectorize -funroll-loops,icc,15,16630859142,6.109,4842596,47285
44.309,256,-O1 -ffast-math -ftree-vectorize -funroll-loops,icc,15,16626089894,5.780,4921579,45318
41.844,256,-O1 -ffast-math -ftree-vectorize -funroll-loops,icc,15,16617024629,6.120,4836253,47991
41.898,256,-O1 -ffast-math -ftree-vectorize -funroll-loops,icc,15,16628661825,6.112,5036111,49064
41.938,256,-O1 -ffast-math -ftree-vectorize -funroll-loops,icc,15,16620374243,6.106,6718685,46654
44.045,256,-O1 -ffast-math -ftree-vectorize -funroll-loops,icc,15,16626904932,5.814,4797604,43427
44.176,256,-O1 -ffast-math -ftree-vectorize -funroll-loops,icc,15,16631161996,5.797,5908129,45172
31.567,500,-O1 -ffast-math -ftree-vectorize -funroll-loops,icc,10,50030949409,15.842,10959254,96607
33.099,500,-O1 -ffast-math -ftree-vectorize -funroll-loops,icc,10,50071824925,15.109,10955220,94932
31.623,500,-O1 -ffast-math -ftree-vectorize -funroll-loops,icc,10,50035602214,15.814,10633650,94217
33.372,500,-O1 -ffast-math -ftree-vectorize -funroll-loops,icc,10,50032112969,14.985,10607933,88415
31.650,500,-O1 -ffast-math -ftree-vectorize -funroll-loops,icc,10,50024375546,15.801,10564790,96397
31.456,500,-O1 -ffast-math -ftree-vectorize -funroll-loops,icc,10,50033707699,15.898,35801035,98422
31.318,500,-O1 -ffast-math -ftree-vectorize -funroll-loops,icc,10,50049439418,15.968,11164927,93164
33.287,500,-O1 -ffast-math -ftree-vectorize -funroll-loops,icc,10,50052315169,15.023,10752636,87604
32.991,500,-O1 -ffast-math -ftree-vectorize -funroll-loops,icc,10,50008497842,15.159,10644770,88986
33.242,500,-O1 -ffast-math -ftree-vectorize -funroll-loops,icc,10,50022865609,15.044,12380802,101278
24.568,864,-O1 -ffast-math -ftree-vectorize -funroll-loops,icc,5,131771197726,35.171,46184464,190347
24.571,864,-O1 -ffast-math -ftree-vectorize -funroll-loops,icc,5,131762612565,35.167,44944863,187766
26.144,864,-O1 -ffast-math -ftree-vectorize -funroll-loops,icc,5,131773293284,33.051,44209291,179223
26.035,864,-O1 -ffast-math -ftree-vectorize -funroll-loops,icc,5,131794860831,33.190,43747747,184463
26.101,864,-O1 -ffast-math -ftree-vectorize -funroll-loops,icc,5,131771051864,33.107,47471966,179472
755.718,4,-O1 -ffast-math -ftree-vectorize -funroll-loops,clang,30,7473006,0.007,145452,
769.188,4,-O1 -ffast-math -ftree-vectorize -funroll-loops,clang,30,7386691,0.007,91667,
782.081,4,-O1 -ffast-math -ftree-vectorize -funroll-loops,clang,30,5703522,0.006,87578,1832
763.293,4,-O1 -ffast-math -ftree-vectorize -funroll-loops,clang,30,5564970,0.007,89659,1122
764.083,4,-O1 -ffast-math -ftree-vectorize -funroll-loops,clang,30,8342025,0.006,91340,
778.921,4,-O1 -ffast-math -ftree-vectorize -funroll-loops,clang,30,4663313,0.006,89876,1073
786.139,4,-O1 -ffast-math -ftree-vectorize -funroll-loops,clang,30,7635005,0.006,126617,
750.729,4,-O1 -ffast-math -ftree-vectorize -funroll-loops,clang,30,7652959,0.007,99104,
755.718,4,-O1 -ffast-math -ftree-vectorize -funroll-loops,clang,30,0,0.007,95538,682
783.097,4,-O1 -ffast-math -ftree-vectorize -funroll-loops,clang,30,8139514,0.006,97725,
776.362,4,-O1 -ffast-math -ftree-vectorize -funroll-loops,clang,30,0,0.006,100483,426
726.984,4,-O1 -ffast-math -ftree-vectorize -funroll-loops,clang,30,7162758,0.007,209873,
786.550,4,-O1 -ffast-math -ftree-vectorize -funroll-loops,clang,30,4565318,0.006,90536,767
771.457,4,-O1 -ffast-math -ftree-vectorize -funroll-loops,clang,30,7400186,0.007,96040,
783.648,4,-O1 -ffast-math -ftree-vectorize -funroll-loops,clang,30,3850265,0.006,90984,669
784.720,4,-O1 -ffast-math -ftree-vectorize -funroll-loops,clang,30,4700554,0.006,89412,988
763.651,4,-O1 -ffast-math -ftree-vectorize -funroll-loops,clang,30,8308111,0.006,93733,
779.713,4,-O1 -ffast-math -ftree-vectorize -funroll-loops,clang,30,6539349,0.006,89165,4784
779.009,4,-O1 -ffast-math -ftree-vectorize -funroll-loops,clang,30,5945631,0.006,88536,1260
773.875,4,-O1 -ffast-math -ftree-vectorize -funroll-loops,clang,30,8089194,0.007,96666,
764.754,4,-O1 -ffast-math -ftree-vectorize -funroll-loops,clang,30,4084404,0.006,90585,903
777.519,4,-O1 -ffast-math -ftree-vectorize -funroll-loops,clang,30,4469820,0.006,90398,1012
767.648,4,-O1 -ffast-math -ftree-vectorize -funroll-loops,clang,30,2373822,0.006,95022,798
783.343,4,-O1 -ffast-math -ftree-vectorize -funroll-loops,clang,30,8160703,0.007,98094,
769.507,4,-O1 -ffast-math -ftree-vectorize -funroll-loops,clang,30,7779298,0.007,90030,
782.595,4,-O1 -ffast-math -ftree-vectorize -funroll-loops,clang,30,5926498,0.006,88681,2037
768.105,4,-O1 -ffast-math -ftree-vectorize -funroll-loops,clang,30,8326419,0.006,98436,
786.596,4,-O1 -ffast-math -ftree-vectorize -funroll-loops,clang,30,8142875,0.007,97161,
786.994,4,-O1 -ffast-math -ftree-vectorize -funroll-loops,clang,30,7571062,0.006,107404,
790.420,4,-O1 -ffast-math -ftree-vectorize -funroll-loops,clang,30,7180360,0.006,90274,
491.407,32,-O1 -ffast-math -ftree-vectorize -funroll-loops,clang,25,396276391,0.067,561978,2149
493.490,32,-O1 -ffast-math -ftree-vectorize -funroll-loops,clang,25,400590105,0.066,508831,2418
492.084,32,-O1 -ffast-math -ftree-vectorize -funroll-loops,clang,25,393427451,0.066,490223,2534
496.933,32,-O1 -ffast-math -ftree-vectorize -funroll-loops,clang,25,399079570,0.066,505181,2212
499.352,32,-O1 -ffast-math -ftree-vectorize -funroll-loops,clang,25,392076472,0.065,487121,2667
499.686,32,-O1 -ffast-math -ftree-vectorize -funroll-loops,clang,25,396402574,0.065,517139,2142
498.872,32,-O1 -ffast-math -ftree-vectorize -funroll-loops,clang,25,387426115,0.066,487858,2449
483.946,32,-O1 -ffast-math -ftree-vectorize -funroll-loops,clang,25,389837887,0.068,639396,2382
501.545,32,-O1 -ffast-math -ftree-vectorize -funroll-loops,clang,25,387068036,0.065,476445,2293
494.452,32,-O1 -ffast-math -ftree-vectorize -funroll-loops,clang,25,399845156,0.066,517058,2272
501.256,32,-O1 -ffast-math -ftree-vectorize -funroll-loops,clang,25,394785276,0.065,500466,2573
507.363,32,-O1 -ffast-math -ftree-vectorize -funroll-loops,clang,25,400239392,0.064,522620,2026
508.382,32,-O1 -ffast-math -ftree-vectorize -funroll-loops,clang,25,402657117,0.064,527420,2382
502.205,32,-O1 -ffast-math -ftree-vectorize -funroll-loops,clang,25,400337370,0.066,523170,2679
503.439,32,-O1 -ffast-math -ftree-vectorize -funroll-loops,clang,25,403376913,0.065,522300,2350
496.210,32,-O1 -ffast-math -ftree-vectorize -funroll-loops,clang,25,400961136,0.066,526137,2256
509.952,32,-O1 -ffast-math -ftree-vectorize -funroll-loops,clang,25,403324927,0.064,529468,2817
496.385,32,-O1 -ffast-math -ftree-vectorize -funroll-loops,clang,25,401945443,0.066,516173,2332
501.105,32,-O1 -ffast-math -ftree-vectorize -funroll-loops,clang,25,401536838,0.065,521145,2024
496.550,32,-O1 -ffast-math -ftree-vectorize -funroll-loops,clang,25,398542356,0.066,499763,2203
506.943,32,-O1 -ffast-math -ftree-vectorize -funroll-loops,clang,25,398635463,0.065,528650,2637
505.577,32,-O1 -ffast-math -ftree-vectorize -funroll-loops,clang,25,402048514,0.065,562267,2239
502.918,32,-O1 -ffast-math -ftree-vectorize -funroll-loops,clang,25,388460643,0.065,468006,3090
506.400,32,-O1 -ffast-math -ftree-vectorize -funroll-loops,clang,25,400141914,0.065,510792,2249
497.673,32,-O1 -ffast-math -ftree-vectorize -funroll-loops,clang,25,395679674,0.066,494012,2405
254.746,108,-O1 -ffast-math -ftree-vectorize -funroll-loops,clang,20,2971356275,0.426,1757447,12345
255.501,108,-O1 -ffast-math -ftree-vectorize -funroll-loops,clang,20,2966949106,0.424,1681613,10226
254.666,108,-O1 -ffast-math -ftree-vectorize -funroll-loops,clang,20,2964349226,0.426,1729369,11374
253.070,108,-O1 -ffast-math -ftree-vectorize -funroll-loops,clang,20,2961005781,0.428,1692846,11656
255.247,108,-O1 -ffast-math -ftree-vectorize -funroll-loops,clang,20,2969059746,0.425,1654656,10751
251.207,108,-O1 -ffast-math -ftree-vectorize -funroll-loops,clang,20,2960958249,0.432,1656186,10603
255.467,108,-O1 -ffast-math -ftree-vectorize -funroll-loops,clang,20,2967207191,0.424,1668124,11547
253.024,108,-O1 -ffast-math -ftree-vectorize -funroll-loops,clang,20,2964731874,0.428,1684698,11484
253.237,108,-O1 -ffast-math -ftree-vectorize -funroll-loops,clang,20,2969132715,0.428,1694934,11710
256.030,108,-O1 -ffast-math -ftree-vectorize -funroll-loops,clang,20,2965351171,0.423,1684660,11018
254.212,108,-O1 -ffast-math -ftree-vectorize -funroll-loops,clang,20,2966054867,0.426,1677844,11996
251.691,108,-O1 -ffast-math -ftree-vectorize -funroll-loops,clang,20,2972792351,0.431,1775458,12069
253.769,108,-O1 -ffast-math -ftree-vectorize -funroll-loops,clang,20,2969072540,0.427,1716094,11945
256.840,108,-O1 -ffast-math -ftree-vectorize -funroll-loops,clang,20,2963549579,0.422,1717772,11278
254.748,108,-O1 -ffast-math -ftree-vectorize -funroll-loops,clang,20,2968254887,0.425,1712692,11871
255.919,108,-O1 -ffast-math -ftree-vectorize -funroll-loops,clang,20,2967995298,0.424,1706018,11439
253.206,108,-O1 -ffast-math -ftree-vectorize -funroll-loops,clang,20,2966624284,0.428,2130661,12361
251.629,108,-O1 -ffast-math -ftree-vectorize -funroll-loops,clang,20,2960682353,0.431,1698576,12855
255.574,108,-O1 -ffast-math -ftree-vectorize -funroll-loops,clang,20,2963450156,0.424,1679290,12286
251.901,108,-O1 -ffast-math -ftree-vectorize -funroll-loops,clang,20,2956897323,0.430,1682637,14086
121.747,256,-O1 -ffast-math -ftree-vectorize -funroll-loops,clang,15,12261527023,2.105,4253154,29970
119.679,256,-O1 -ffast-math -ftree-vectorize -funroll-loops,clang,15,12256438094,2.141,4240511,31416
119.576,256,-O1 -ffast-math -ftree-vectorize -funroll-loops,clang,15,12237952501,2.143,5935029,31758
120.845,256,-O1 -ffast-math -ftree-vectorize -funroll-loops,clang,15,12251669906,2.120,4337540,30399
120.988,256,-O1 -ffast-math -ftree-vectorize -funroll-loops,clang,15,12255732985,2.118,4436232,31140
121.394,256,-O1 -ffast-math -ftree-vectorize -funroll-loops,clang,15,12294158051,2.111,4643501,29264
119.992,256,-O1 -ffast-math -ftree-vectorize -funroll-loops,clang,15,12252025437,2.135,4434448,29085
121.259,256,-O1 -ffast-math -ftree-vectorize -funroll-loops,clang,15,12264679643,2.113,4312872,29819
120.842,256,-O1 -ffast-math -ftree-vectorize -funroll-loops,clang,15,12236085202,2.120,4278137,28468
120.485,256,-O1 -ffast-math -ftree-vectorize -funroll-loops,clang,15,12245622705,2.127,4305580,31558
123.638,256,-O1 -ffast-math -ftree-vectorize -funroll-loops,clang,15,12244834880,2.072,4356675,29288
120.451,256,-O1 -ffast-math -ftree-vectorize -funroll-loops,clang,15,12240664207,2.127,4373562,32279
120.512,256,-O1 -ffast-math -ftree-vectorize -funroll-loops,clang,15,12251458768,2.126,12784341,28539
121.198,256,-O1 -ffast-math -ftree-vectorize -funroll-loops,clang,15,12266185255,2.114,4665714,27997
119.977,256,-O1 -ffast-math -ftree-vectorize -funroll-loops,clang,15,12258304033,2.136,4342425,31307
76.839,500,-O1 -ffast-math -ftree-vectorize -funroll-loops,clang,10,40444606850,6.509,9457774,59806
76.339,500,-O1 -ffast-math -ftree-vectorize -funroll-loops,clang,10,40429525170,6.552,9235251,58239
76.679,500,-O1 -ffast-math -ftree-vectorize -funroll-loops,clang,10,40382156634,6.523,9429483,59371
76.658,500,-O1 -ffast-math -ftree-vectorize -funroll-loops,clang,10,40394573898,6.525,9397089,55587
76.873,500,-O1 -ffast-math -ftree-vectorize -funroll-loops,clang,10,40418385478,6.507,9344659,58609
76.657,500,-O1 -ffast-math -ftree-vectorize -funroll-loops,clang,10,40399090858,6.525,9138727,62984
77.128,500,-O1 -ffast-math -ftree-vectorize -funroll-loops,clang,10,40425591404,6.485,9647303,56233
76.958,500,-O1 -ffast-math -ftree-vectorize -funroll-loops,clang,10,40426655766,6.500,9401989,55946
76.264,500,-O1 -ffast-math -ftree-vectorize -funroll-loops,clang,10,40405264968,6.558,9224982,56533
76.513,500,-O1 -ffast-math -ftree-vectorize -funroll-loops,clang,10,40416363226,6.537,9830061,57747
55.214,864,-O1 -ffast-math -ftree-vectorize -funroll-loops,clang,5,112287388997,15.651,36384069,110953
55.336,864,-O1 -ffast-math -ftree-vectorize -funroll-loops,clang,5,112300337680,15.617,37284415,110333
55.241,864,-O1 -ffast-math -ftree-vectorize -funroll-loops,clang,5,112266706446,15.644,36476174,122711
54.991,864,-O1 -ffast-math -ftree-vectorize -funroll-loops,clang,5,112342895323,15.715,40046876,114556
55.339,864,-O1 -ffast-math -ftree-vectorize -funroll-loops,clang,5,112275051601,15.616,37193819,123399
771.120,4,-O1 -ffast-math -ftree-vectorize -funroll-loops,gcc,30,8571192,0.007,148950,
788.065,4,-O1 -ffast-math -ftree-vectorize -funroll-loops,gcc,30,9701382,0.007,95441,
806.412,4,-O1 -ffast-math -ftree-vectorize -funroll-loops,gcc,30,4207613,0.006,115707,837
797.433,4,-O1 -ffast-math -ftree-vectorize -funroll-loops,gcc,30,5344463,0.006,90069,1099
781.073,4,-O1 -ffast-math -ftree-vectorize -funroll-loops,gcc,30,9173151,0.007,92060,
771.682,4,-O1 -ffast-math -ftree-vectorize -funroll-loops,gcc,30,5121045,0.006,87458,724
792.306,4,-O1 -ffast-math -ftree-vectorize -funroll-loops,gcc,30,9686941,0.007,97148,
804.702,4,-O1 -ffast-math -ftree-vectorize -funroll-loops,gcc,30,5410157,0.006,86896,800
805.115,4,-O1 -ffast-math -ftree-vectorize -funroll-loops,gcc,30,5453363,0.006,86282,1252
802.627,4,-O1 -ffast-math -ftree-vectorize -funroll-loops,gcc,30,9741545,0.006,92223,
807.513,4,-O1 -ffast-math -ftree-vectorize -funroll-loops,gcc,30,4738225,0.006,95671,1018
797.407,4,-O1 -ffast-math -ftree-vectorize -funroll-loops,gcc,30,10258348,0.006,96029,
803.101,4,-O1 -ffast-math -ftree-vectorize -funroll-loops,gcc,30,5380924,0.006,89175,929
804.764,4,-O1 -ffast-math -ftree-vectorize -funroll-loops,gcc,30,9862566,0.007,91767,
809.929,4,-O1 -ffast-math -ftree-vectorize -funroll-loops,gcc,30,9156438,0.006,93039,
814.853,4,-O1 -ffast-math -ftree-vectorize -funroll-loops,gcc,30,8764713,0.006,85435,
805.545,4,-O1 -ffast-math -ftree-vectorize -funroll-loops,gcc,30,9859029,0.007,94917,
814.499,4,-O1 -ffast-math -ftree-vectorize -funroll-loops,gcc,30,9685069,0.006,92393,
806.908,4,-O1 -ffast-math -ftree-vectorize -funroll-loops,gcc,30,8979279,0.006,89236,
805.595,4,-O1 -ffast-math -ftree-vectorize -funroll-loops,gcc,30,8677971,0.006,88452,
813.601,4,-O1 -ffast-math -ftree-vectorize -funroll-loops,gcc,30,6390564,0.006,88890,1627
814.801,4,-O1 -ffast-math -ftree-vectorize -funroll-loops,gcc,30,10009312,0.006,92671,
804.631,4,-O1 -ffast-math -ftree-vectorize -funroll-loops,gcc,30,9088526,0.006,91345,
810.939,4,-O1 -ffast-math -ftree-vectorize -funroll-loops,gcc,30,10,0.006,90723,557
816.903,4,-O1 -ffast-math -ftree-vectorize -funroll-loops,gcc,30,9133470,0.006,92957,
794.126,4,-O1 -ffast-math -ftree-vectorize -funroll-loops,gcc,30,9262557,0.007,90467,
813.077,4,-O1 -ffast-math -ftree-vectorize -funroll-loops,gcc,30,10321483,0.006,107093,
806.412,4,-O1 -ffast-math -ftree-vectorize -funroll-loops,gcc,30,9749233,0.006,94974,
799.841,4,-O1 -ffast-math -ftree-vectorize -funroll-loops,gcc,30,9568952,0.007,91240,
811.945,4,-O1 -ffast-math -ftree-vectorize -funroll-loops,gcc,30,9387863,0.007,87567,
499.136,32,-O1 -ffast-math -ftree-vectorize -funroll-loops,gcc,25,474669881,0.066,537339,2786
500.661,32,-O1 -ffast-math -ftree-vectorize -funroll-loops,gcc,25,476552270,0.065,487517,2646
507.187,32,-O1 -ffast-math -ftree-vectorize -funroll-loops,gcc,25,482951385,0.064,501685,2355
510.582,32,-O1 -ffast-math -ftree-vectorize -funroll-loops,gcc,25,481431990,0.064,495087,2430
508.298,32,-O1 -ffast-math -ftree-vectorize -funroll-loops,gcc,25,471751287,0.064,475605,2246
510.805,32,-O1 -ffast-math -ftree-vectorize -funroll-loops,gcc,25,492488023,0.064,521500,2119
508.732,32,-O1 -ffast-math -ftree-vectorize -funroll-loops,gcc,25,488402842,0.064,511456,2143
495.008,32,-O1 -ffast-math -ftree-vectorize -funroll-loops,gcc,25,474390842,0.066,488578,2249
493.952,32,-O1 -ffast-math -ftree-vectorize -funroll-loops,gcc,25,477353339,0.066,479663,2275
507.329,32,-O1 -ffast-math -ftree-vectorize -funroll-loops,gcc,25,491213766,0.065,520722,2390
496.065,32,-O1 -ffast-math -ftree-vectorize -funroll-loops,gcc,25,475247866,0.066,494762,2454
510.594,32,-O1 -ffast-math -ftree-vectorize -funroll-loops,gcc,25,488809722,0.064,518075,2339
501.364,32,-O1 -ffast-math -ftree-vectorize -funroll-loops,gcc,25,492062987,0.065,503405,2468
504.537,32,-O1 -ffast-math -ftree-vectorize -funroll-loops,gcc,25,475193187,0.065,502736,2465
492.164,32,-O1 -ffast-math -ftree-vectorize -funroll-loops,gcc,25,478962446,0.066,497989,2683
498.107,32,-O1 -ffast-math -ftree-vectorize -funroll-loops,gcc,25,474252003,0.066,503069,2394
510.363,32,-O1 -ffast-math -ftree-vectorize -funroll-loops,gcc,25,492114385,0.064,516471,2416
507.157,32,-O1 -ffast-math -ftree-vectorize -funroll-loops,gcc,25,491671961,0.064,521265,2387
502.931,32,-O1 -ffast-math -ftree-vectorize -funroll-loops,gcc,25,491226583,0.065,506808,2452
502.667,32,-O1 -ffast-math -ftree-vectorize -funroll-loops,gcc,25,492662264,0.065,521362,2363
502.064,32,-O1 -ffast-math -ftree-vectorize -funroll-loops,gcc,25,489526287,0.065,527355,2340
506.804,32,-O1 -ffast-math -ftree-vectorize -funroll-loops,gcc,25,481318398,0.064,500844,2703
507.591,32,-O1 -ffast-math -ftree-vectorize -funroll-loops,gcc,25,487359401,0.064,519373,2272
508.219,32,-O1 -ffast-math -ftree-vectorize -funroll-loops,gcc,25,490495070,0.064,523316,2307
509.435,32,-O1 -ffast-math -ftree-vectorize -funroll-loops,gcc,25,489971921,0.064,524578,2134
255.574,108,-O1 -ffast-math -ftree-vectorize -funroll-loops,gcc,20,3945406640,0.425,1775555,11711
257.568,108,-O1 -ffast-math -ftree-vectorize -funroll-loops,gcc,20,3930412824,0.421,1686745,10704
255.852,108,-O1 -ffast-math -ftree-vectorize -funroll-loops,gcc,20,3942342959,0.424,1715080,11485
258.054,108,-O1 -ffast-math -ftree-vectorize -funroll-loops,gcc,20,3942252740,0.420,1767172,11810
256.344,108,-O1 -ffast-math -ftree-vectorize -funroll-loops,gcc,20,3928645613,0.423,2035024,11506
251.870,108,-O1 -ffast-math -ftree-vectorize -funroll-loops,gcc,20,3913796383,0.430,1789336,12160
254.526,108,-O1 -ffast-math -ftree-vectorize -funroll-loops,gcc,20,3949887231,0.426,1773604,11715
257.683,108,-O1 -ffast-math -ftree-vectorize -funroll-loops,gcc,20,3934260061,0.421,1725186,11267
255.392,108,-O1 -ffast-math -ftree-vectorize -funroll-loops,gcc,20,3927450579,0.424,1714388,13690
257.572,108,-O1 -ffast-math -ftree-vectorize -funroll-loops,gcc,20,3933147285,0.421,1772966,10698
255.608,108,-O1 -ffast-math -ftree-vectorize -funroll-loops,gcc,20,3937482423,0.424,1740113,11595
255.865,108,-O1 -ffast-math -ftree-vectorize -funroll-loops,gcc,20,3949404008,0.424,1761147,11335
257.171,108,-O1 -ffast-math -ftree-vectorize -funroll-loops,gcc,20,3941335362,0.421,1912664,11045
254.799,108,-O1 -ffast-math -ftree-vectorize -funroll-loops,gcc,20,3932399636,0.425,1754533,12807
256.078,108,-O1 -ffast-math -ftree-vectorize -funroll-loops,gcc,20,3943663443,0.423,1837042,12462
255.629,108,-O1 -ffast-math -ftree-vectorize -funroll-loops,gcc,20,3942685381,0.424,1810143,11484
254.782,108,-O1 -ffast-math -ftree-vectorize -funroll-loops,gcc,20,3942820272,0.425,1905488,11456
256.664,108,-O1 -ffast-math -ftree-vectorize -funroll-loops,gcc,20,3937280208,0.422,1802535,11251
255.427,108,-O1 -ffast-math -ftree-vectorize -funroll-loops,gcc,20,3950637811,0.424,1877517,12008
257.592,108,-O1 -ffast-math -ftree-vectorize -funroll-loops,gcc,20,3929123659,0.421,1791673,10988
148.993,256,-O1 -ffast-math -ftree-vectorize -funroll-loops,gcc,15,17544768760,1.720,4230571,31232
150.606,256,-O1 -ffast-math -ftree-vectorize -funroll-loops,gcc,15,17595447623,1.702,4575886,29223
148.585,256,-O1 -ffast-math -ftree-vectorize -funroll-loops,gcc,15,17571143241,1.725,4691672,30621
148.522,256,-O1 -ffast-math -ftree-vectorize -funroll-loops,gcc,15,17560947397,1.726,4427788,30208
149.154,256,-O1 -ffast-math -ftree-vectorize -funroll-loops,gcc,15,17556131568,1.718,4547259,32146
148.385,256,-O1 -ffast-math -ftree-vectorize -funroll-loops,gcc,15,17584878744,1.727,4483726,30309
150.585,256,-O1 -ffast-math -ftree-vectorize -funroll-loops,gcc,15,17615415793,1.702,5283780,29445
147.548,256,-O1 -ffast-math -ftree-vectorize -funroll-loops,gcc,15,17582869593,1.737,6564846,30810
151.054,256,-O1 -ffast-math -ftree-vectorize -funroll-loops,gcc,15,17587487406,1.697,4449233,29411
149.936,256,-O1 -ffast-math -ftree-vectorize -funroll-loops,gcc,15,17605157298,1.709,4518054,29404
148.277,256,-O1 -ffast-math -ftree-vectorize -funroll-loops,gcc,15,17567690448,1.728,4454429,30367
149.804,256,-O1 -ffast-math -ftree-vectorize -funroll-loops,gcc,15,17615075422,1.711,4575527,28272
150.242,256,-O1 -ffast-math -ftree-vectorize -funroll-loops,gcc,15,17606447985,1.706,4531796,30752
149.519,256,-O1 -ffast-math -ftree-vectorize -funroll-loops,gcc,15,17569117859,1.714,4399543,32611
149.579,256,-O1 -ffast-math -ftree-vectorize -funroll-loops,gcc,15,17576170667,1.713,4487857,30842
85.423,500,-O1 -ffast-math -ftree-vectorize -funroll-loops,gcc,10,60694380518,5.855,8856558,57660
85.580,500,-O1 -ffast-math -ftree-vectorize -funroll-loops,gcc,10,60714865700,5.845,9302354,60860
85.621,500,-O1 -ffast-math -ftree-vectorize -funroll-loops,gcc,10,60717728040,5.842,9260056,60848
85.949,500,-O1 -ffast-math -ftree-vectorize -funroll-loops,gcc,10,60708122244,5.820,9174183,62931
84.934,500,-O1 -ffast-math -ftree-vectorize -funroll-loops,gcc,10,60727228073,5.889,8967747,59153
85.264,500,-O1 -ffast-math -ftree-vectorize -funroll-loops,gcc,10,60709130698,5.866,9021669,56320
85.781,500,-O1 -ffast-math -ftree-vectorize -funroll-loops,gcc,10,60703959253,5.831,8919610,59276
85.110,500,-O1 -ffast-math -ftree-vectorize -funroll-loops,gcc,10,60706754929,5.877,9034374,64301
85.493,500,-O1 -ffast-math -ftree-vectorize -funroll-loops,gcc,10,60715666590,5.851,9443202,60332
85.411,500,-O1 -ffast-math -ftree-vectorize -funroll-loops,gcc,10,60709991140,5.856,9318428,60400
62.885,864,-O1 -ffast-math -ftree-vectorize -funroll-loops,gcc,5,172778556419,13.742,34676333,114517
62.738,864,-O1 -ffast-math -ftree-vectorize -funroll-loops,gcc,5,172815770203,13.775,34863077,108822
62.992,864,-O1 -ffast-math -ftree-vectorize -funroll-loops,gcc,5,172924181801,13.719,34756810,114756
63.007,864,-O1 -ffast-math -ftree-vectorize -funroll-loops,gcc,5,172862020813,13.716,35428184,110871
63.064,864,-O1 -ffast-math -ftree-vectorize -funroll-loops,gcc,5,172800519187,13.704,35329501,110678
